exchange_symbol,ex_date,record_date,pay_date,dividend,currency
AGNC,2011-12-20,2011-12-22,2012-01-27,1.4,USD
AGNC,2014-03-27,2014-03-31,2014-04-28,0.65,USD
AGNC,2014-06-26,2014-06-30,2014-07-28,0.65,USD
AGNC,2014-09-26,2014-09-30,2014-10-27,0.65,USD
AGNC,2014-10-29,2014-10-31,2014-11-07,0.22,USD
AGNC,2014-11-25,2014-11-28,2014-12-05,0.22,USD
AGNC,2014-12-29,2014-12-31,2015-01-09,0.22,USD
AGNC,2015-01-28,2015-01-30,2015-02-06,0.22,USD
AGNC,2013-12-27,2013-12-31,2014-01-28,0.65,USD
AGNC,2015-02-25,2015-02-27,2015-03-06,0.22,USD
AGNC,2015-04-28,2015-04-30,2015-05-08,0.22,USD
AGNC,2015-05-27,2015-05-29,2015-06-05,0.2,USD
AGNC,2015-06-26,2015-06-30,2015-07-08,0.2,USD
AGNC,2015-07-29,2015-07-31,2015-08-07,0.2,USD
AGNC,2015-08-27,2015-08-31,2015-09-08,0.2,USD
AGNC,2015-09-28,2015-09-30,2015-10-09,0.2,USD
AGNC,2015-10-28,2015-10-30,2015-11-09,0.2,USD
AGNC,2015-03-27,2015-03-31,2015-04-10,0.22,USD
AGNC,2013-09-26,2013-09-30,2013-10-28,0.8,USD
AGNC,2013-06-26,2013-06-28,2013-07-26,1.05,USD
AGNC,2013-03-18,2013-03-20,2013-04-26,1.25,USD
AGNC,2008-06-30,2008-07-02,2008-07-29,0.31,USD
AGNC,2008-09-25,2008-09-29,2008-10-10,1.0,USD
AGNC,2008-12-29,2008-12-31,2009-01-26,1.2,USD
AGNC,2009-06-30,2009-07-02,2009-07-27,1.5,USD
AGNC,2009-09-30,2009-10-02,2009-10-27,1.4,USD
AGNC,2009-12-29,2009-12-31,2010-01-26,1.4,USD
AGNC,2010-03-29,2010-03-31,2010-04-28,1.4,USD
AGNC,2010-06-28,2010-06-30,2010-07-28,1.4,USD
AGNC,2010-09-24,2010-09-28,2010-10-27,1.4,USD
AGNC,2010-12-29,2010-12-31,2011-01-27,1.4,USD
AGNC,2011-03-21,2011-03-23,2011-04-27,1.4,USD
AGNC,2011-06-21,2011-06-23,2011-07-27,1.4,USD
AGNC,2011-09-21,2011-09-23,2011-10-27,1.4,USD
AGNC,2012-03-05,2012-03-07,2012-04-27,1.25,USD
AGNC,2012-06-19,2012-06-21,2012-07-27,1.25,USD
AGNC,2012-09-19,2012-09-21,2012-10-26,1.25,USD
AGNC,2012-12-24,2012-12-27,2013-01-28,1.25,USD
AGNC,2015-11-25,2015-11-30,2015-12-09,0.2,USD
AGNC,2015-12-29,2015-12-31,2016-01-08,0.2,USD
AGNC,2009-03-31,2009-04-02,2009-04-27,0.85,USD
AGNC,2016-02-25,2016-02-29,2016-03-08,0.2,USD
AGNC,2017-12-28,2017-12-29,2018-01-09,0.18,USD
AGNC,2018-01-30,2018-01-31,2018-02-08,0.18,USD
AGNC,2018-02-27,2018-02-28,2018-03-08,0.18,USD
AGNC,2018-03-28,2018-03-29,2018-04-09,0.18,USD
AGNC,2018-05-30,2018-05-31,2018-06-08,0.18,USD
AGNC,2018-06-28,2018-06-29,2018-07-09,0.18,USD
AGNC,2018-07-30,2018-07-31,2018-08-08,0.18,USD
AGNC,2017-11-29,2017-11-30,2017-12-08,0.18,USD
AGNC,2018-08-30,2018-08-31,2018-09-11,0.18,USD
AGNC,2016-01-27,2016-01-29,2016-02-08,0.2,USD
AGNC,2019-03-28,2019-03-29,2019-04-09,0.18,USD
AGNC,2019-02-27,2019-02-28,2019-03-11,0.18,USD
AGNC,2019-01-30,2019-01-31,2019-02-11,0.18,USD
AGNC,2018-12-28,2018-12-31,2019-01-09,0.18,USD
AGNC,2018-11-29,2018-11-30,2018-12-10,0.18,USD
AGNC,2018-10-30,2018-10-31,2018-11-09,0.18,USD
AGNC,2018-09-27,2018-09-28,2018-10-09,0.18,USD
AGNC,2017-10-30,2017-10-31,2017-11-09,0.18,USD
AGNC,2018-04-27,2018-04-30,2018-05-09,0.18,USD
AGNC,2017-08-29,2017-08-31,2017-09-08,0.18,USD
AGNC,2016-03-29,2016-03-31,2016-04-08,0.2,USD
AGNC,2016-06-28,2016-06-30,2016-07-08,0.2,USD
AGNC,2016-07-27,2016-07-29,2016-08-08,0.2,USD
AGNC,2016-08-29,2016-08-31,2016-09-09,0.18,USD
AGNC,2016-09-28,2016-09-30,2016-10-07,0.18,USD
AGNC,2017-09-28,2017-09-29,2017-10-10,0.18,USD
AGNC,2016-05-26,2016-05-31,2016-06-09,0.2,USD
AGNC,2016-10-27,2016-10-31,2016-11-08,0.18,USD
AGNC,2016-11-28,2016-11-30,2016-12-08,0.18,USD
AGNC,2016-04-27,2016-04-29,2016-05-09,0.2,USD
AGNC,2017-01-27,2017-01-31,2017-02-08,0.18,USD
AGNC,2017-02-24,2017-02-28,2017-03-08,0.18,USD
AGNC,2017-03-29,2017-03-31,2017-04-07,0.18,USD
AGNC,2017-04-26,2017-04-28,2017-05-08,0.18,USD
AGNC,2017-05-26,2017-05-31,2017-06-08,0.18,USD
AGNC,2017-06-28,2017-06-30,2017-07-07,0.18,USD
AGNC,2017-07-27,2017-07-31,2017-08-07,0.18,USD
AGNC,2016-12-28,2016-12-30,2017-01-09,0.18,USD
GNMA,2014-12-01,2014-12-01,2014-12-05,0.060328999999999994,USD
GNMA,2014-12-24,2014-12-24,2014-12-31,0.205496,USD
GNMA,2015-02-02,2015-02-02,2015-02-06,0.03469,USD
GNMA,2014-10-01,2014-10-01,2014-10-07,0.025072,USD
GNMA,2015-03-02,2015-03-02,2015-03-06,0.059183000000000006,USD
GNMA,2014-11-03,2014-11-03,2014-11-07,0.04862,USD
GNMA,2015-06-01,2015-06-01,2015-06-05,0.075182,USD
GNMA,2015-05-01,2015-05-01,2015-05-07,0.074823,USD
GNMA,2015-07-01,2015-07-01,2015-07-08,0.06814400000000001,USD
GNMA,2015-08-03,2015-08-03,2015-08-07,0.063066,USD
GNMA,2015-09-01,2015-09-01,2015-09-08,0.065523,USD
GNMA,2015-10-01,2015-10-01,2015-10-07,0.059998,USD
GNMA,2014-09-02,2014-09-02,2014-09-08,0.026006,USD
GNMA,2015-04-01,2015-04-01,2015-04-08,0.082134,USD
GNMA,2014-08-01,2014-08-01,2014-08-07,0.034006,USD
GNMA,2013-07-01,2013-07-01,2013-07-08,0.047989,USD
GNMA,2014-06-02,2014-06-02,2014-06-06,0.035173,USD
GNMA,2014-05-01,2014-05-01,2014-05-07,0.039365,USD
GNMA,2014-04-01,2014-04-01,2014-04-07,0.035789,USD
GNMA,2014-03-03,2014-03-03,2014-03-07,0.038725,USD
GNMA,2014-02-03,2014-02-03,2014-02-07,0.030010000000000002,USD
GNMA,2013-12-26,2013-12-26,2014-01-02,0.07720700000000001,USD
GNMA,2013-12-02,2013-12-02,2013-12-06,0.0361,USD
GNMA,2013-11-01,2013-11-01,2013-11-07,0.038551999999999996,USD
GNMA,2013-10-01,2013-10-01,2013-10-07,0.051879999999999996,USD
GNMA,2013-08-01,2013-08-01,2013-08-07,0.028774,USD
GNMA,2015-11-02,2015-11-02,2015-11-06,0.061155999999999995,USD
GNMA,2013-06-03,2013-06-03,,0.053382000000000006,USD
GNMA,2013-05-01,2013-05-01,2013-05-07,0.047145,USD
GNMA,2013-04-01,2013-04-01,2013-04-05,0.048345,USD
GNMA,2014-07-01,2014-07-01,2014-07-08,0.039032,USD
GNMA,2015-12-01,2015-12-01,2015-12-07,0.066025,USD
GNMA,2017-04-03,2017-04-03,2017-04-07,0.07617,USD
GNMA,2016-02-01,2016-02-01,2016-02-05,0.059976,USD
GNMA,2017-12-01,2017-12-01,2017-12-07,0.107333,USD
GNMA,2018-02-01,2018-02-01,2018-02-07,0.096719,USD
GNMA,2018-03-01,2018-03-01,2018-03-07,0.092414,USD
GNMA,2018-04-02,2018-04-02,2018-04-06,0.101651,USD
GNMA,2018-05-01,2018-05-01,2018-05-07,0.10586500000000001,USD
GNMA,2018-06-01,2018-06-01,2018-06-07,0.095996,USD
GNMA,2018-07-02,2018-07-02,2018-07-09,0.094122,USD
GNMA,2017-11-01,2017-11-01,2017-11-07,0.107348,USD
GNMA,2018-08-01,2018-08-01,2018-08-07,0.102076,USD
GNMA,2018-10-01,2018-10-01,2018-10-05,0.120451,USD
GNMA,2018-11-01,2018-11-01,2018-11-07,0.12905899999999998,USD
GNMA,2018-12-03,2018-12-03,2018-12-07,0.12428,USD
GNMA,2019-02-01,2019-02-01,2019-02-07,0.12659600000000001,USD
GNMA,2019-03-01,2019-03-01,2019-03-07,0.121797,USD
GNMA,2019-04-01,2019-04-01,2019-04-05,0.132072,USD
GNMA,2019-05-01,2019-05-01,2019-05-07,0.125023,USD
GNMA,2018-09-04,2018-09-04,2018-09-10,0.11163499999999998,USD
GNMA,2017-10-02,2017-10-02,2017-10-06,0.084674,USD
GNMA,2017-09-01,2017-09-01,2017-09-08,0.089268,USD
GNMA,2017-08-01,2017-08-01,2017-08-07,0.088898,USD
GNMA,2016-03-01,2016-03-01,2016-03-07,0.065725,USD
GNMA,2016-04-01,2016-04-01,2016-04-07,0.071766,USD
GNMA,2016-05-02,2016-05-02,2016-05-06,0.078902,USD
GNMA,2016-06-01,2016-06-01,2016-06-07,0.071099,USD
GNMA,2016-07-01,2016-07-01,2016-07-08,0.068344,USD
GNMA,2016-08-01,2016-08-01,2016-08-05,0.064987,USD
GNMA,2016-09-01,2016-09-01,2016-09-08,0.069356,USD
GNMA,2016-10-03,2016-10-03,2016-10-07,0.06590800000000001,USD
GNMA,2016-11-01,2016-11-01,2016-11-07,0.072464,USD
GNMA,2016-12-01,2016-12-01,2016-12-07,0.068422,USD
GNMA,2016-12-22,2016-12-22,2016-12-29,0.040307,USD
GNMA,2017-02-01,2017-02-01,2017-02-07,0.063936,USD
GNMA,2017-03-01,2017-03-01,2017-03-07,0.070314,USD
GNMA,2013-03-01,2013-03-01,2012-03-07,0.02795,USD
GNMA,2017-05-01,2017-05-01,2017-05-05,0.08100399999999999,USD
GNMA,2017-06-01,2017-06-01,2017-06-07,0.087608,USD
GNMA,2017-07-03,2017-07-03,2017-07-10,0.086099,USD
GNMA,2015-12-24,2015-12-24,2015-12-31,0.042115,USD
GNMA,2013-02-01,2013-02-01,,0.0308,USD
GNMA,2013-09-03,2013-09-03,2013-09-09,0.022674,USD
GNMA,2012-12-03,2012-12-03,2012-12-07,0.027066000000000003,USD
GNMA,2012-11-01,2012-11-01,2012-11-07,0.020066,USD
GNMA,2012-10-01,2012-10-01,2012-10-05,0.020066,USD
GNMA,2012-09-04,2012-09-04,2012-09-10,0.025285,USD
GNMA,2012-08-01,2012-08-01,2012-08-07,0.08132,USD
GNMA,2012-07-02,2012-07-02,2012-07-09,0.052400999999999996,USD
GNMA,2012-06-01,2012-06-01,2012-06-07,0.052000000000000005,USD
GNMA,2012-05-01,2012-05-01,2012-05-07,0.05164199999999999,USD
GNMA,2012-04-02,2012-04-02,2012-04-09,0.059863,USD
GNMA,2012-12-26,2012-12-26,2013-01-02,0.031793,USD
ICSH,2015-08-03,2015-08-03,2015-08-07,0.019562,USD
ICSH,2015-09-01,2015-09-01,2015-09-08,0.021006,USD
ICSH,2015-10-01,2015-10-01,2015-10-07,0.02265,USD
ICSH,2015-11-02,2015-11-02,2015-11-06,0.021907,USD
ICSH,2015-12-01,2015-12-01,2015-12-07,0.022584,USD
ICSH,2016-05-02,2016-05-02,2016-05-06,0.03003,USD
ICSH,2016-02-01,2016-02-01,2016-02-05,0.02483,USD
ICSH,2016-03-01,2016-03-01,2016-03-07,0.025467,USD
ICSH,2016-04-01,2016-04-01,2016-04-07,0.027395,USD
ICSH,2015-07-01,2015-07-01,2015-07-08,0.020694999999999998,USD
ICSH,2016-06-01,2016-06-01,2016-06-07,0.030506000000000002,USD
ICSH,2016-07-01,2016-07-01,2016-07-08,0.033101,USD
ICSH,2015-12-24,2015-12-24,2015-12-31,0.04539,USD
ICSH,2015-06-01,2015-06-01,2015-06-05,0.017595,USD
ICSH,2014-12-24,2014-12-24,2014-12-31,0.024977000000000003,USD
ICSH,2015-04-01,2015-04-01,2015-04-08,0.02107,USD
ICSH,2015-03-02,2015-03-02,2015-03-06,0.01708,USD
ICSH,2015-02-02,2015-02-02,2015-02-06,0.018894,USD
ICSH,2016-08-01,2016-08-01,2016-08-05,0.03597,USD
ICSH,2014-11-03,2014-11-03,2014-11-07,0.018994999999999998,USD
ICSH,2014-10-01,2014-10-01,2014-10-07,0.014188,USD
ICSH,2014-09-02,2014-09-02,2014-09-08,0.014452000000000001,USD
ICSH,2014-08-01,2014-08-01,2014-08-07,0.014641999999999999,USD
ICSH,2014-07-01,2014-07-01,2014-07-08,0.013030000000000002,USD
ICSH,2014-06-02,2014-06-02,2014-06-06,0.014269,USD
ICSH,2014-05-01,2014-05-01,2014-05-07,0.015299,USD
ICSH,2014-04-01,2014-04-01,2014-04-07,0.013872999999999998,USD
ICSH,2014-03-03,2014-03-03,2014-03-07,0.013722,USD
ICSH,2014-02-03,2014-02-03,2014-02-03,0.020501,USD
ICSH,2015-05-01,2015-05-01,2015-05-07,0.018997,USD
ICSH,2016-09-01,2016-09-01,2016-09-08,0.039297000000000006,USD
ICSH,2014-12-01,2014-12-01,2014-12-05,0.017515,USD
ICSH,2016-11-01,2016-11-01,2016-11-07,0.047155,USD
ICSH,2016-10-03,2016-10-03,2016-10-07,0.043101,USD
ICSH,2019-05-01,2019-05-01,2019-05-07,0.11925899999999999,USD
ICSH,2019-04-01,2019-04-01,2019-04-05,0.125112,USD
ICSH,2019-02-01,2019-02-01,2019-02-07,0.11343800000000001,USD
ICSH,2018-12-18,2018-12-18,2018-12-24,0.097852,USD
ICSH,2018-12-03,2018-12-03,2018-12-07,0.107153,USD
ICSH,2018-11-01,2018-11-01,2018-11-07,0.101404,USD
ICSH,2018-10-01,2018-10-01,2018-10-05,0.10019,USD
ICSH,2018-09-04,2018-09-04,2018-09-10,0.10488900000000001,USD
ICSH,2018-08-01,2018-08-01,2018-08-07,0.097789,USD
ICSH,2018-07-02,2018-07-02,2018-07-09,0.090397,USD
ICSH,2018-06-01,2018-06-01,2018-06-07,0.094045,USD
ICSH,2018-05-01,2018-05-01,2018-05-07,0.085621,USD
ICSH,2018-04-02,2018-04-02,2018-04-06,0.078221,USD
ICSH,2018-03-01,2018-03-01,2018-03-07,0.072837,USD
ICSH,2019-03-01,2019-03-01,2019-03-07,0.11623,USD
ICSH,2017-12-21,2017-12-21,2017-12-28,0.050827,USD
ICSH,2018-02-01,2018-02-01,2018-02-07,0.069354,USD
ICSH,2016-12-01,2016-12-01,2016-12-07,0.050238,USD
ICSH,2017-02-01,2017-02-01,2017-02-07,0.054252999999999996,USD
ICSH,2017-03-01,2017-03-01,2017-03-07,0.048928,USD
ICSH,2017-04-03,2017-04-03,2017-04-07,0.051041,USD
ICSH,2017-05-01,2017-05-01,2017-05-05,0.054389,USD
ICSH,2016-12-22,2016-12-22,2016-12-29,0.05325,USD
ICSH,2017-07-03,2017-07-03,2017-07-10,0.055578999999999996,USD
ICSH,2017-08-01,2017-08-01,2017-08-07,0.059539,USD
ICSH,2017-09-01,2017-09-01,2017-09-08,0.059786,USD
ICSH,2017-10-02,2017-10-02,2017-10-06,0.063088,USD
ICSH,2017-11-01,2017-11-01,2017-11-07,0.064666,USD
ICSH,2017-06-01,2017-06-01,2017-06-07,0.055485,USD
ICSH,2017-12-01,2017-12-01,2017-12-07,0.063834,USD
IEF,2016-02-01,2016-02-01,2016-02-05,0.159166,USD
IEF,2016-03-01,2016-03-01,2016-03-07,0.157368,USD
IEF,2016-04-01,2016-04-01,2016-04-07,0.16833599999999999,USD
IEF,2016-05-02,2016-05-02,2016-05-06,0.16117,USD
IEF,2016-08-01,2016-08-01,2016-08-05,0.158313,USD
IEF,2016-07-01,2016-07-01,2016-07-08,0.15750899999999998,USD
IEF,2016-09-01,2016-09-01,2016-09-08,0.155452,USD
IEF,2016-10-03,2016-10-03,2016-10-07,0.14990499999999998,USD
IEF,2016-11-01,2016-11-01,2016-11-07,0.15370899999999998,USD
IEF,2016-12-01,2016-12-01,2016-12-07,0.14940799999999999,USD
IEF,2016-06-01,2016-06-01,2016-06-07,0.163443,USD
IEF,2015-12-24,2015-12-24,2015-12-31,0.163574,USD
IEF,2015-07-01,2015-07-01,2015-07-08,0.162466,USD
IEF,2015-11-02,2015-11-02,2015-11-06,0.163008,USD
IEF,2015-10-01,2015-10-01,2015-10-07,0.1643,USD
IEF,2015-09-01,2015-09-01,2015-09-08,0.167105,USD
IEF,2015-08-03,2015-08-03,2015-08-07,0.164209,USD
IEF,2015-06-01,2015-06-01,2015-06-05,0.16908800000000002,USD
IEF,2015-05-01,2015-05-01,2015-05-07,0.163235,USD
IEF,2015-04-01,2015-04-01,2015-04-08,0.174827,USD
IEF,2015-03-02,2015-03-02,2015-03-06,0.17006400000000002,USD
IEF,2015-02-02,2015-02-02,2015-02-06,0.18193299999999998,USD
IEF,2014-12-24,2014-12-24,2014-12-31,0.15554400000000002,USD
IEF,2016-12-22,2016-12-22,2016-12-29,0.164725,USD
IEF,2015-12-01,2015-12-01,2015-12-07,0.16502,USD
IEF,2017-02-01,2017-02-01,2017-02-07,0.159282,USD
IEF,2018-07-02,2018-07-02,2018-07-09,0.189658,USD
IEF,2017-04-03,2017-04-03,2017-04-07,0.158696,USD
IEF,2014-12-01,2014-12-01,2014-12-05,0.179983,USD
IEF,2019-05-01,2019-05-01,2019-05-07,0.21151199999999998,USD
IEF,2019-04-01,2019-04-01,2019-04-05,0.217854,USD
IEF,2019-03-01,2019-03-01,2019-03-07,0.199053,USD
IEF,2019-02-01,2019-02-01,2019-02-07,0.220083,USD
IEF,2018-12-18,2018-12-18,2018-12-24,0.21260199999999999,USD
IEF,2018-12-03,2018-12-03,2018-12-07,0.21230900000000003,USD
IEF,2018-11-01,2018-11-01,2018-11-07,0.21613600000000002,USD
IEF,2018-10-01,2018-10-01,2018-10-05,0.204227,USD
IEF,2018-09-04,2018-09-04,2018-09-10,0.20572800000000002,USD
IEF,2018-08-01,2018-08-01,2018-08-07,0.199905,USD
IEF,2017-03-01,2017-03-01,2017-03-07,0.144834,USD
IEF,2018-06-01,2018-06-01,2018-06-07,0.2023,USD
IEF,2018-04-02,2018-04-02,2018-04-06,0.175035,USD
IEF,2018-03-01,2018-03-01,2018-03-07,0.15931800000000002,USD
IEF,2018-02-01,2018-02-01,2018-02-07,0.167741,USD
IEF,2017-12-21,2017-12-21,2017-12-28,0.164141,USD
IEF,2017-11-01,2017-11-01,2017-11-07,0.164305,USD
IEF,2017-10-02,2017-10-02,2017-10-06,0.158852,USD
IEF,2017-09-01,2017-09-01,2017-09-08,0.162455,USD
IEF,2017-08-01,2017-08-01,2017-08-07,0.165256,USD
IEF,2017-07-03,2017-07-03,2017-07-10,0.159282,USD
IEF,2017-06-01,2017-06-01,2017-06-07,0.163645,USD
IEF,2017-05-01,2017-05-01,2017-05-05,0.16028900000000001,USD
IEF,2018-05-01,2018-05-01,2018-05-07,0.191181,USD
IEF,2014-11-03,2014-11-03,2014-11-07,0.18052,USD
IEF,2017-12-01,2017-12-01,2017-12-07,0.159691,USD
IEF,2014-09-02,2014-09-02,2014-09-08,0.180951,USD
IEF,2006-12-27,2006-12-27,2007-01-05,0.23929699999999998,USD
IEF,2006-12-01,2006-12-01,2006-12-07,0.304142,USD
IEF,2006-11-01,2006-11-01,2006-11-07,0.308354,USD
IEF,2006-10-02,2006-10-02,2006-10-06,0.315666,USD
IEF,2006-09-01,2006-09-01,2006-09-08,0.311585,USD
IEF,2006-08-01,2006-08-01,2006-08-08,0.319344,USD
IEF,2006-07-03,2006-07-03,2006-07-10,0.312173,USD
IEF,2006-06-01,2006-06-01,2006-06-07,0.294288,USD
IEF,2006-05-01,2006-05-01,2006-05-05,0.293988,USD
IEF,2006-04-03,2006-04-03,2006-04-07,0.260258,USD
IEF,2006-03-01,2006-03-01,2006-03-07,0.267073,USD
IEF,2006-02-01,2006-02-01,2006-02-07,0.26352,USD
IEF,2005-12-28,2005-12-28,2006-01-06,0.29187199999999996,USD
IEF,2005-12-01,2005-12-01,2005-12-07,0.28348,USD
IEF,2005-11-01,2005-11-01,2005-11-07,0.28771599999999997,USD
IEF,2007-02-01,2007-02-01,2007-02-07,0.311091,USD
IEF,2007-03-01,2007-03-01,2007-03-01,0.274746,USD
IEF,2007-05-01,2007-05-01,2007-05-07,0.31445100000000004,USD
IEF,2007-06-01,2007-06-01,2007-06-07,0.329226,USD
IEF,2008-10-01,2008-10-01,2008-10-07,0.305,USD
IEF,2008-09-02,2008-09-02,2008-09-08,0.295404,USD
IEF,2008-08-01,2008-08-01,2008-08-07,0.304371,USD
IEF,2008-07-01,2008-07-01,2008-07-08,0.291827,USD
IEF,2008-06-02,2008-06-02,2008-06-06,0.307167,USD
IEF,2008-05-01,2008-05-01,2008-05-07,0.279997,USD
IEF,2008-04-01,2008-04-01,2008-04-07,0.310872,USD
IEF,2005-10-03,2005-10-03,2005-10-07,0.277188,USD
IEF,2008-03-03,2008-03-03,2008-03-07,0.280063,USD
IEF,2007-12-27,2007-12-27,2008-01-03,0.31316900000000003,USD
IEF,2007-12-03,2007-12-03,2007-12-07,0.295346,USD
IEF,2007-11-01,2007-11-01,2007-11-07,0.296534,USD
IEF,2007-10-01,2007-10-01,2007-10-05,0.31013,USD
IEF,2007-09-04,2007-09-04,2007-09-10,0.333602,USD
IEF,2007-08-01,2007-08-01,2007-08-07,0.322098,USD
IEF,2007-07-02,2007-07-02,2007-07-09,0.313321,USD
IEF,2008-02-01,2008-02-01,2008-02-07,0.280643,USD
IEF,2008-11-03,2008-11-03,2008-11-07,0.32,USD
IEF,2005-09-01,2005-09-01,2005-09-08,0.274393,USD
IEF,2005-07-01,2005-07-01,2005-07-08,0.263511,USD
IEF,2003-10-01,2003-10-01,2003-10-10,0.27410100000000004,USD
IEF,2003-09-02,2003-09-02,2003-09-11,0.275762,USD
IEF,2003-08-01,2003-08-01,2003-08-12,0.252948,USD
IEF,2003-07-01,2003-07-01,2003-07-11,0.2403,USD
IEF,2003-06-02,2003-06-02,2003-06-11,0.244234,USD
IEF,2003-05-01,2003-05-01,2003-05-12,0.3418,USD
IEF,2003-04-01,2003-04-01,2003-04-10,0.248666,USD
IEF,2003-03-03,2003-03-03,2003-03-12,0.2401,USD
IEF,2003-02-03,2003-02-03,2003-02-12,0.2777,USD
IEF,2002-12-31,2002-12-31,2003-01-08,0.416421,USD
IEF,2002-12-02,2002-12-02,2002-12-11,0.5204,USD
IEF,2002-11-01,2002-11-01,2002-11-12,0.294645,USD
IEF,2002-10-01,2002-10-01,2002-10-10,0.2579,USD
IEF,2002-09-03,2002-09-03,2002-09-12,0.29,USD
IEF,2014-10-01,2014-10-01,2014-10-07,0.188931,USD
IEF,2003-11-03,2003-11-03,2003-11-12,0.279262,USD
IEF,2003-12-01,2003-12-01,2003-12-10,0.26621,USD
IEF,2003-12-31,2003-12-31,2004-01-07,0.278685,USD
IEF,2004-02-02,2004-02-02,2004-02-06,0.255378,USD
IEF,2005-06-01,2005-06-01,2005-06-07,0.26356599999999997,USD
IEF,2005-05-02,2005-05-02,2005-05-06,0.267478,USD
IEF,2005-04-01,2005-04-01,2005-05-06,0.279119,USD
IEF,2005-03-01,2005-03-01,2005-03-07,0.23085300000000003,USD
IEF,2005-02-01,2005-02-01,2005-02-07,0.26127100000000003,USD
IEF,2004-12-31,2004-12-31,2005-01-06,0.271451,USD
IEF,2004-12-01,2004-12-01,2004-12-07,0.262392,USD
IEF,2005-08-01,2005-08-01,2005-08-05,0.270574,USD
IEF,2004-11-01,2004-11-01,2004-11-05,0.265239,USD
IEF,2004-09-01,2004-09-01,2004-09-08,0.2663,USD
IEF,2004-08-02,2004-08-02,2004-08-06,0.272748,USD
IEF,2004-07-01,2004-07-01,2004-07-08,0.273455,USD
IEF,2004-06-01,2004-06-01,2004-06-07,0.2794,USD
IEF,2004-05-03,2004-05-03,2004-05-07,0.267875,USD
IEF,2004-04-01,2004-04-01,2004-04-07,0.25551799999999997,USD
IEF,2004-03-01,2004-03-01,2004-03-05,0.251129,USD
IEF,2004-10-01,2004-10-01,2004-10-07,0.25745,USD
IEF,2008-12-01,2008-12-01,2008-12-05,0.3125,USD
IEF,2007-04-02,2007-04-02,2007-04-09,0.321919,USD
IEF,2009-02-02,2009-02-02,2009-02-06,0.26625,USD
IEF,2012-12-03,2012-12-03,2012-12-07,0.136792,USD
IEF,2012-11-01,2012-11-01,2012-11-07,0.145278,USD
IEF,2012-10-01,2012-10-01,2012-10-05,0.141279,USD
IEF,2012-09-04,2012-09-04,2012-09-10,0.150782,USD
IEF,2012-08-01,2012-08-01,2012-08-07,0.162208,USD
IEF,2012-07-02,2012-07-02,2012-07-09,0.160121,USD
IEF,2012-06-01,2012-06-01,2012-06-07,0.170729,USD
IEF,2012-05-01,2012-05-01,2012-05-07,0.16825299999999999,USD
IEF,2012-04-02,2012-04-02,2012-04-09,0.177317,USD
IEF,2012-03-01,2012-03-01,2012-03-07,0.169604,USD
IEF,2012-02-01,2012-02-01,2012-02-07,0.19082000000000002,USD
IEF,2011-12-27,2011-12-27,2012-01-04,0.189303,USD
IEF,2011-12-01,2011-12-01,2011-12-07,0.200255,USD
IEF,2011-11-01,2011-11-01,2011-11-07,0.20929099999999998,USD
IEF,2011-10-03,2011-10-03,2011-10-07,0.21138800000000002,USD
IEF,2012-12-26,2012-12-26,2013-01-02,0.150589,USD
IEF,2013-02-01,2013-02-01,2013-02-07,0.14007,USD
IEF,2008-12-29,2008-12-29,2009-01-02,0.369008,USD
IEF,2013-04-01,2013-04-01,2013-04-05,0.144612,USD
IEF,2014-08-01,2014-08-01,2014-08-07,0.195573,USD
IEF,2014-07-01,2014-07-01,2014-07-08,0.192136,USD
IEF,2014-06-02,2014-06-02,2014-06-06,0.175425,USD
IEF,2014-05-01,2014-05-01,2014-05-07,0.194078,USD
IEF,2014-04-01,2014-04-01,2014-04-07,0.189607,USD
IEF,2014-03-03,2014-03-03,2014-03-07,0.165796,USD
IEF,2014-02-03,2014-02-03,2014-02-07,0.175249,USD
IEF,2011-09-01,2011-09-01,2011-09-08,0.229073,USD
IEF,2013-12-26,2013-12-26,2014-01-02,0.163803,USD
IEF,2013-11-01,2013-11-01,2013-11-07,0.161459,USD
IEF,2013-10-01,2013-10-01,2013-10-07,0.153328,USD
IEF,2013-09-03,2013-09-03,2013-09-09,0.15088,USD
IEF,2013-08-01,2013-08-01,2013-08-07,0.140747,USD
IEF,2013-07-01,2013-07-01,2013-07-08,0.13928,USD
IEF,2013-06-03,2013-06-03,2013-06-07,0.141562,USD
IEF,2013-05-01,2013-05-01,2013-05-07,0.134933,USD
IEF,2013-12-02,2013-12-02,2013-12-06,0.164077,USD
IEF,2011-08-01,2011-08-01,2011-08-05,0.238186,USD
IEF,2013-03-01,2013-03-01,2012-03-07,0.126749,USD
IEF,2011-06-01,2011-06-01,2011-05-07,0.244437,USD
IEF,2009-11-02,2009-11-02,2009-11-06,0.26092,USD
IEF,2009-12-01,2009-12-01,2009-12-07,0.20784,USD
IEF,2009-12-29,2009-12-29,2010-01-05,0.16422899999999999,USD
IEF,2010-02-01,2010-02-01,2010-02-05,0.2995,USD
IEF,2010-03-01,2010-03-01,2010-03-05,0.24354,USD
IEF,2009-10-01,2009-10-01,2009-10-07,0.253367,USD
IEF,2011-07-01,2011-07-01,2011-07-08,0.23064,USD
IEF,2009-04-01,2009-04-01,2009-04-07,0.276244,USD
IEF,2009-05-01,2009-05-01,2009-05-07,0.28034000000000003,USD
IEF,2009-06-01,2009-06-01,2009-06-05,0.27219,USD
IEF,2009-07-01,2009-07-01,2009-07-08,0.25158600000000003,USD
IEF,2009-03-02,2009-03-02,2009-03-06,0.2475,USD
IEF,2010-04-01,2010-04-01,2010-04-08,0.25495100000000004,USD
IEF,2009-08-03,2009-08-03,2009-08-07,0.263877,USD
IEF,2010-06-01,2010-06-01,2010-06-07,0.259842,USD
IEF,2009-09-01,2009-09-01,2009-09-08,0.257498,USD
IEF,2011-05-02,2011-05-02,2011-05-06,0.2414,USD
IEF,2011-04-01,2011-04-01,2011-04-07,0.24825300000000003,USD
IEF,2011-03-01,2011-03-01,2011-03-07,0.216469,USD
IEF,2011-02-01,2011-02-01,2011-02-07,0.235353,USD
IEF,2010-05-03,2010-05-03,2010-05-07,0.27331700000000003,USD
IEF,2010-12-28,2010-12-28,2010-01-04,0.248376,USD
IEF,2010-11-01,2010-11-01,2010-11-05,0.23465300000000003,USD
IEF,2010-10-01,2010-10-01,2010-10-07,0.233354,USD
IEF,2010-09-01,2010-09-01,2010-09-07,0.247179,USD
IEF,2010-08-02,2010-08-02,2010-08-06,0.253285,USD
IEF,2010-07-01,2010-07-01,2010-07-08,0.24823,USD
IEF,2010-12-01,2010-12-01,2010-12-07,0.239392,USD
NLY,2011-12-27,2011-12-29,2012-01-26,0.57,USD
NLY,2012-03-28,2012-03-30,2012-04-26,0.55,USD
NLY,2011-09-28,2011-09-30,2011-10-27,0.6,USD
NLY,2011-06-28,2011-06-30,2011-07-28,0.65,USD
NLY,2011-03-29,2011-03-31,2011-04-27,0.62,USD
NLY,2009-12-24,2009-12-29,2010-01-28,0.75,USD
NLY,2010-09-30,2010-10-04,2010-10-28,0.68,USD
NLY,2010-06-25,2010-06-29,2010-07-29,0.68,USD
NLY,2010-03-30,2010-04-01,2010-04-28,0.65,USD
NLY,2009-09-29,2009-10-01,2009-10-29,0.69,USD
NLY,2009-06-25,2009-06-29,2009-07-29,0.6,USD
NLY,2009-03-26,2009-03-30,2009-04-29,0.5,USD
NLY,2008-12-26,2008-12-30,2009-01-29,0.5,USD
NLY,2008-09-16,2008-09-18,2008-10-29,0.55,USD
NLY,2008-06-25,2008-06-27,2008-07-29,0.55,USD
NLY,2008-03-26,2008-03-28,2008-04-29,0.48,USD
NLY,2007-12-27,2007-12-31,2008-01-28,0.34,USD
NLY,2007-09-27,2007-10-01,2007-10-29,0.26,USD
NLY,2010-12-23,2010-12-28,2011-01-27,0.64,USD
NLY,2012-06-27,2012-06-29,2012-07-26,0.55,USD
NLY,2015-03-27,2015-03-31,2015-04-30,0.3,USD
NLY,2012-12-26,2012-12-28,2013-01-29,0.45,USD
NLY,2019-03-28,2019-03-29,2019-04-30,0.3,USD
NLY,2018-12-28,2018-12-31,2019-01-31,0.3,USD
NLY,2018-09-27,2018-09-28,2018-10-31,0.07826,USD
NLY,2007-06-28,2007-07-02,2007-07-27,0.24,USD
NLY,2018-09-05,2018-09-06,2018-09-10,0.22174000000000002,USD
NLY,2018-06-28,2018-06-29,2018-07-31,0.3,USD
NLY,2018-03-28,2018-03-29,2018-04-30,0.3,USD
NLY,2017-12-28,2017-12-29,2018-01-31,0.3,USD
NLY,2017-09-28,2017-09-29,2017-10-31,0.3,USD
NLY,2017-06-28,2017-06-30,2017-07-31,0.3,USD
NLY,2017-03-29,2017-03-31,2017-04-28,0.3,USD
NLY,2016-12-28,2016-12-30,2017-01-31,0.3,USD
NLY,2016-09-28,2016-09-30,2016-10-31,0.26413000000000003,USD
NLY,2016-06-28,2016-06-30,2016-07-29,0.3,USD
NLY,2016-07-07,2016-07-11,2016-07-14,0.03587,USD
NLY,2016-03-29,2016-03-31,2016-04-29,0.3,USD
NLY,2015-12-29,2015-12-31,2016-01-29,0.3,USD
NLY,2015-09-28,2015-09-30,2015-10-30,0.3,USD
NLY,2015-06-26,2015-06-30,2015-07-31,0.3,USD
NLY,2014-12-29,2014-12-31,2015-01-29,0.3,USD
NLY,2014-09-29,2014-10-01,2014-10-31,0.3,USD
NLY,2014-06-27,2014-07-01,2014-07-31,0.3,USD
NLY,2014-03-28,2014-04-01,2014-04-30,0.3,USD
NLY,2013-12-27,2013-12-31,2014-01-31,0.3,USD
NLY,2013-09-27,2013-10-01,2013-10-31,0.35,USD
NLY,2013-06-27,2013-07-01,2013-07-29,0.4,USD
NLY,2013-03-27,2013-04-01,2013-04-29,0.45,USD
NLY,2012-09-27,2012-10-01,2012-10-29,0.5,USD
NLY,2007-03-29,2007-04-02,2007-04-26,0.2,USD
NLY,2002-12-27,2002-12-31,2003-01-29,0.68,USD
NLY,2006-09-27,2006-09-29,2006-10-27,0.14,USD
NLY,2006-12-27,2006-12-29,2007-01-26,0.19,USD
NLY,2001-10-03,2001-10-05,2001-10-30,0.45,USD
NLY,2001-07-02,2001-07-05,2001-07-27,0.4,USD
NLY,2000-12-27,2000-12-29,2001-01-30,0.25,USD
NLY,2000-10-05,2000-10-10,2000-10-30,0.25,USD
NLY,2000-06-29,2000-07-03,2000-07-27,0.3,USD
NLY,2000-04-03,2000-04-05,2000-04-28,0.35,USD
NLY,1999-12-29,1999-12-31,2000-01-27,0.35,USD
NLY,2001-12-27,2001-12-31,2002-01-30,0.6,USD
NLY,2002-04-03,2002-04-05,2002-04-29,0.63,USD
NLY,2002-07-01,2002-07-03,2002-07-31,0.68,USD
NLY,2002-10-01,2002-10-03,2002-10-29,0.68,USD
NLY,2003-03-27,2003-03-31,2003-04-30,0.6,USD
NLY,2001-04-03,2001-04-05,2001-04-30,0.3,USD
NLY,2003-10-01,2003-10-03,2003-10-29,0.28,USD
NLY,2003-12-24,2003-12-29,2004-01-28,0.47,USD
NLY,2004-03-29,2004-03-31,2004-04-28,0.5,USD
NLY,2004-06-30,2004-07-02,2004-07-28,0.48,USD
NLY,2004-09-28,2004-09-30,2004-10-27,0.5,USD
NLY,2004-12-29,2004-12-31,2005-01-27,0.5,USD
NLY,2005-03-30,2005-04-01,2005-04-27,0.45,USD
NLY,2003-06-30,2003-07-02,2003-07-31,0.6,USD
NLY,2005-06-28,2005-06-30,2005-07-28,0.36,USD
NLY,2005-09-26,2005-09-28,2005-10-27,0.13,USD
NLY,2006-06-28,2006-06-30,2006-07-27,0.13,USD
NLY,2006-03-29,2006-03-31,2006-04-27,0.11,USD
NLY,2005-12-28,2005-12-30,2006-01-27,0.1,USD
TIP,2016-08-01,2016-08-01,2016-08-05,0.46102600000000005,USD
TIP,2010-09-01,2010-09-01,2010-09-07,0.030086,USD
TIP,2010-11-01,2010-11-01,2010-11-05,0.254839,USD
TIP,2010-08-02,2010-08-02,2010-08-06,0.192104,USD
TIP,2010-12-01,2010-12-01,2010-12-07,0.178628,USD
TIP,2010-12-28,2010-12-28,2010-01-04,0.262642,USD
TIP,2011-02-01,2011-02-01,2011-02-07,0.164105,USD
TIP,2011-03-01,2011-03-01,2011-03-07,0.274385,USD
TIP,2011-04-01,2011-04-01,2011-04-07,0.582101,USD
TIP,2010-10-01,2010-10-01,2010-10-07,0.135371,USD
TIP,2010-07-01,2010-07-01,2010-07-08,0.280619,USD
TIP,2010-04-01,2010-04-01,2010-04-08,0.44150900000000004,USD
TIP,2010-05-03,2010-05-03,2010-05-07,0.16331400000000001,USD
TIP,2008-08-01,2008-08-01,2008-08-07,0.934118,USD
TIP,2008-09-02,2008-09-02,2008-09-08,0.8153699999999999,USD
TIP,2008-10-01,2008-10-01,2008-10-07,0.8,USD
TIP,2009-04-01,2009-04-01,2009-04-07,0.474,USD
TIP,2009-05-01,2009-05-01,2009-05-07,0.622576,USD
TIP,2009-06-01,2009-06-01,2009-06-05,0.3707,USD
TIP,2009-07-01,2009-07-01,2009-07-08,0.388752,USD
TIP,2010-06-01,2010-06-01,2010-06-07,0.541399,USD
TIP,2009-08-03,2009-08-03,2009-08-07,0.429155,USD
TIP,2009-10-01,2009-10-01,2009-10-07,0.047439999999999996,USD
TIP,2009-11-02,2009-11-02,2009-11-06,0.342115,USD
TIP,2009-12-01,2009-12-01,2009-12-07,0.208011,USD
TIP,2009-12-29,2009-12-29,2010-01-05,0.23886300000000002,USD
TIP,2010-02-01,2010-02-01,2010-02-05,0.208085,USD
TIP,2010-03-01,2010-03-01,2010-03-05,0.00445,USD
TIP,2011-05-02,2011-05-02,2011-05-06,0.593852,USD
TIP,2009-09-01,2009-09-01,2009-09-08,0.9204100000000001,USD
TIP,2011-06-01,2011-06-01,2011-05-07,1.049297,USD
TIP,2012-04-02,2012-04-02,2012-04-09,0.32365900000000003,USD
TIP,2011-08-01,2011-08-01,2011-08-05,0.581334,USD
TIP,2016-07-01,2016-07-01,2016-07-08,0.511857,USD
TIP,2016-06-01,2016-06-01,2016-06-07,0.036057,USD
TIP,2015-10-01,2015-10-01,2015-10-07,0.06166699999999999,USD
TIP,2015-09-01,2015-09-01,2015-09-08,0.307693,USD
TIP,2014-12-01,2014-12-01,2014-12-05,0.060071000000000006,USD
TIP,2014-09-02,2014-09-02,2014-09-08,0.193941,USD
TIP,2014-08-01,2014-08-01,2014-08-07,0.355493,USD
TIP,2014-07-01,2014-07-01,2014-07-08,0.34375900000000004,USD
TIP,2014-06-02,2014-06-02,2014-06-06,0.654678,USD
TIP,2014-05-01,2014-05-01,2014-05-07,0.258218,USD
TIP,2013-12-02,2013-12-02,2013-12-06,0.09001,USD
TIP,2013-11-01,2013-11-01,2013-11-07,0.11781099999999999,USD
TIP,2013-10-01,2013-10-01,2013-10-07,0.047348,USD
TIP,2013-09-03,2013-09-03,2013-09-09,0.10300000000000001,USD
TIP,2011-07-01,2011-07-01,2011-07-08,0.754884,USD
TIP,2013-08-01,2013-08-01,2013-08-07,0.07,USD
TIP,2013-06-03,2013-06-03,2013-06-07,0.29302399999999995,USD
TIP,2013-05-01,2013-05-01,2013-05-07,0.311198,USD
TIP,2013-04-01,2013-04-01,2013-04-05,0.080348,USD
TIP,2012-12-26,2012-12-26,2013-01-02,0.008589,USD
TIP,2012-12-03,2012-12-03,2012-12-07,0.48527700000000007,USD
TIP,2008-07-01,2008-07-01,2008-07-08,0.726759,USD
TIP,2012-11-01,2012-11-01,2012-11-07,0.291637,USD
TIP,2012-07-02,2012-07-02,2012-07-09,0.353489,USD
TIP,2012-06-01,2012-06-01,2012-06-07,0.804339,USD
TIP,2012-05-01,2012-05-01,2012-05-07,0.42612,USD
TIP,2011-12-01,2011-12-01,2011-12-07,0.24062600000000003,USD
TIP,2011-11-01,2011-11-01,2011-11-07,0.360026,USD
TIP,2011-10-03,2011-10-03,2011-10-07,0.172977,USD
TIP,2011-09-01,2011-09-01,2011-09-08,0.010181,USD
TIP,2013-07-01,2013-07-01,2013-07-08,0.14891,USD
TIP,2008-06-02,2008-06-02,2008-06-06,0.825523,USD
TIP,2007-04-02,2007-04-02,2007-04-09,0.369077,USD
TIP,2008-04-01,2008-04-01,2008-04-07,0.63,USD
TIP,2004-09-01,2004-09-01,2004-09-08,0.425729,USD
TIP,2004-08-02,2004-08-02,2004-08-06,0.539806,USD
TIP,2004-07-01,2004-07-01,2004-07-08,0.411542,USD
TIP,2004-06-01,2004-06-01,2004-06-07,0.6865,USD
TIP,2004-05-03,2004-05-03,2004-05-07,0.544128,USD
TIP,2004-04-01,2004-04-01,2004-04-07,0.519654,USD
TIP,2003-12-31,2003-12-31,2004-01-07,0.11708199999999999,USD
TIP,2016-09-01,2016-09-01,2016-09-08,0.418042,USD
TIP,2019-05-01,2019-05-01,2019-05-07,0.034818,USD
TIP,2018-12-18,2018-12-18,2018-12-24,0.184212,USD
TIP,2018-12-03,2018-12-03,2018-12-07,0.155427,USD
TIP,2018-11-01,2018-11-01,2018-11-07,0.09139,USD
TIP,2018-10-01,2018-10-01,2018-10-05,0.10147,USD
TIP,2018-09-04,2018-09-04,2018-09-10,0.385683,USD
TIP,2004-11-01,2004-11-01,2004-11-05,0.167719,USD
TIP,2018-08-01,2018-08-01,2018-08-07,0.46778400000000003,USD
TIP,2018-06-01,2018-06-01,2018-06-07,0.33574699999999996,USD
TIP,2018-05-01,2018-05-01,2018-05-07,0.499086,USD
TIP,2018-04-02,2018-04-02,2018-04-06,0.292376,USD
TIP,2018-02-01,2018-02-01,2018-02-07,0.021308,USD
TIP,2017-12-21,2017-12-21,2017-12-28,0.155548,USD
TIP,2017-12-01,2017-12-01,2017-12-07,0.50108,USD
TIP,2017-11-01,2017-11-01,2017-11-07,0.217685,USD
TIP,2017-10-02,2017-10-02,2017-10-06,0.047832,USD
TIP,2017-09-01,2017-09-01,2017-09-08,0.23664000000000002,USD
TIP,2017-08-01,2017-08-01,2017-08-07,0.21728699999999998,USD
TIP,2017-07-03,2017-07-03,2017-07-10,0.29185500000000003,USD
TIP,2017-06-01,2017-06-01,2017-06-07,0.25849099999999997,USD
TIP,2017-05-01,2017-05-01,2017-05-05,0.284054,USD
TIP,2017-04-03,2017-04-03,2017-04-07,0.155135,USD
TIP,2018-07-02,2018-07-02,2018-07-09,0.43096999999999996,USD
TIP,2008-05-01,2008-05-01,2008-05-07,0.44379799999999997,USD
TIP,2004-12-01,2004-12-01,2004-12-07,0.27268000000000003,USD
TIP,2005-02-01,2005-02-01,2005-02-07,0.16226,USD
TIP,2008-03-03,2008-03-03,2008-03-07,0.516351,USD
TIP,2008-02-01,2008-02-01,2008-02-07,0.5607479999999999,USD
TIP,2007-12-27,2007-12-27,2008-01-03,0.531157,USD
TIP,2007-12-03,2007-12-03,2007-12-07,0.42521800000000004,USD
TIP,2007-11-01,2007-11-01,2007-11-07,0.319827,USD
TIP,2007-10-01,2007-10-01,2007-10-05,0.415364,USD
TIP,2007-09-04,2007-09-04,2007-09-10,0.43955500000000003,USD
TIP,2007-08-01,2007-08-01,2007-08-07,0.44476099999999996,USD
TIP,2007-07-02,2007-07-02,2007-07-09,0.43709799999999993,USD
TIP,2007-06-01,2007-06-01,2007-06-07,0.446547,USD
TIP,2007-05-01,2007-05-01,2007-05-07,0.38561799999999996,USD
TIP,2007-03-01,2007-03-01,2007-03-01,0.27813499999999997,USD
TIP,2006-11-01,2006-11-01,2006-11-07,0.562758,USD
TIP,2006-10-02,2006-10-02,2006-10-06,0.45557200000000003,USD
TIP,2004-12-31,2004-12-31,2005-01-06,0.5753699999999999,USD
TIP,2006-09-01,2006-09-01,2006-09-08,0.5717979999999999,USD
TIP,2006-07-03,2006-07-03,2006-07-10,0.556346,USD
TIP,2006-06-01,2006-06-01,2006-06-07,0.554191,USD
TIP,2006-05-01,2006-05-01,2006-05-05,0.49494399999999994,USD
TIP,2006-04-03,2006-04-03,2006-04-07,0.514646,USD
TIP,2005-12-28,2005-12-28,2006-01-06,0.375772,USD
TIP,2005-12-01,2005-12-01,2005-12-07,1.19,USD
TIP,2005-11-01,2005-11-01,2005-11-07,0.432125,USD
TIP,2005-10-03,2005-10-03,2005-10-07,0.312567,USD
TIP,2005-09-01,2005-09-01,2005-09-08,0.41733400000000004,USD
TIP,2005-08-01,2005-08-01,2005-08-05,0.672525,USD
TIP,2005-07-01,2005-07-01,2005-07-08,0.687235,USD
TIP,2005-06-01,2005-06-01,2005-06-07,0.612,USD
TIP,2005-05-02,2005-05-02,2005-05-06,0.41941999999999996,USD
TIP,2005-04-01,2005-04-01,2005-05-06,0.296702,USD
TIP,2006-08-01,2006-08-01,2006-08-07,0.561714,USD
TIP,2016-12-01,2016-12-01,2016-12-07,0.24372199999999997,USD
VGSH,2017-06-01,2017-06-01,2017-06-07,0.054000000000000006,USD
VGSH,2019-05-01,2019-05-01,2019-05-06,0.1188,USD
VGSH,2012-06-29,2012-06-29,2012-07-06,0.019,USD
VGSH,2012-07-31,2012-07-31,2012-08-06,0.02,USD
VGSH,2012-08-31,2012-08-31,2012-09-07,0.019,USD
VGSH,2012-09-28,2012-09-28,2012-10-04,0.015,USD
VGSH,2012-11-02,2012-11-02,2012-11-08,0.015,USD
VGSH,2012-11-30,2012-11-30,2012-12-06,0.015,USD
VGSH,2012-12-24,2012-12-24,2012-12-31,0.012,USD
VGSH,2013-01-31,2013-01-31,2013-02-06,0.015,USD
VGSH,2013-02-28,2013-02-28,2013-03-06,0.013000000000000001,USD
VGSH,2013-03-28,2013-03-28,,0.012,USD
VGSH,2013-04-30,2013-04-30,2013-05-06,0.013000000000000001,USD
VGSH,2012-05-31,2012-05-31,2012-06-06,0.022000000000000002,USD
VGSH,2013-05-31,2013-05-31,2013-06-06,0.011000000000000001,USD
VGSH,2013-07-31,2013-07-31,2013-08-06,0.011000000000000001,USD
VGSH,2013-08-30,2013-08-30,2013-09-06,0.013000000000000001,USD
VGSH,2013-09-30,2013-09-30,2013-10-04,0.013999999999999999,USD
VGSH,2013-10-31,2013-10-31,2013-11-06,0.012,USD
VGSH,2013-11-29,2013-11-29,2013-12-05,0.013999999999999999,USD
VGSH,2013-12-24,2013-12-24,2013-12-27,0.016,USD
VGSH,2014-02-03,2014-02-03,2014-02-07,0.013999999999999999,USD
VGSH,2014-03-03,2014-03-03,2014-03-07,0.017,USD
VGSH,2014-04-01,2014-04-01,2014-04-07,0.013999999999999999,USD
VGSH,2014-05-01,2014-05-01,2014-05-07,0.016,USD
VGSH,2014-06-02,2014-06-02,2014-06-06,0.02,USD
VGSH,2013-06-28,2013-06-28,2013-07-05,0.013000000000000001,USD
VGSH,2012-04-30,2012-04-30,2012-05-04,0.022000000000000002,USD
VGSH,2012-03-30,2012-03-30,2012-04-05,0.021,USD
VGSH,2012-02-29,2012-02-29,2012-03-06,0.02,USD
VGSH,2009-12-24,2009-12-24,2009-12-31,0.046,USD
VGSH,2010-01-29,2010-01-29,2010-02-04,0.027000000000000003,USD
VGSH,2010-02-26,2010-02-26,2010-03-04,0.033,USD
VGSH,2010-03-31,2010-03-31,2010-04-09,0.04,USD
VGSH,2010-04-30,2010-04-30,2010-05-06,0.040999999999999995,USD
VGSH,2010-05-28,2010-05-28,2010-06-04,0.038,USD
VGSH,2010-07-30,2010-07-30,2010-08-05,0.044000000000000004,USD
VGSH,2010-08-31,2010-08-31,2010-09-07,0.037000000000000005,USD
VGSH,2010-09-30,2010-09-30,2010-10-06,0.038,USD
VGSH,2010-10-29,2010-10-29,2010-11-04,0.038,USD
VGSH,2010-11-30,2010-11-30,2010-12-06,0.037000000000000005,USD
VGSH,2010-12-27,2010-12-27,2010-12-31,0.033,USD
VGSH,2011-01-31,2011-01-31,2011-02-04,0.033,USD
VGSH,2011-02-28,2011-02-28,2011-03-04,0.03,USD
VGSH,2011-03-31,2011-03-31,2011-04-06,0.035,USD
VGSH,2011-04-29,2011-04-29,2011-05-05,0.034,USD
VGSH,2011-05-31,2011-05-31,2011-06-06,0.034,USD
VGSH,2011-06-30,2011-06-30,2011-07-07,0.028999999999999998,USD
VGSH,2011-07-29,2011-07-29,2011-08-04,0.033,USD
VGSH,2011-08-31,2011-08-31,2011-09-07,0.031,USD
VGSH,2011-09-30,2011-09-30,2011-10-06,0.027000000000000003,USD
VGSH,2011-10-31,2011-10-31,2011-11-04,0.025,USD
VGSH,2011-11-30,2011-11-30,2011-12-06,0.026000000000000002,USD
VGSH,2011-12-23,2011-12-23,2011-12-30,0.023,USD
VGSH,2012-01-31,2012-01-31,2012-02-06,0.023,USD
VGSH,2014-07-01,2014-07-01,2014-07-08,0.021,USD
VGSH,2014-08-01,2014-08-01,2014-08-07,0.019,USD
VGSH,2010-06-30,2010-06-30,2010-07-07,0.043,USD
VGSH,2014-10-01,2014-10-01,2014-10-07,0.024,USD
VGSH,2017-04-03,2017-04-03,2017-04-07,0.048,USD
VGSH,2017-05-01,2017-05-01,2017-05-05,0.052000000000000005,USD
VGSH,2017-07-03,2017-07-03,2017-07-10,0.055,USD
VGSH,2017-08-01,2017-08-01,2017-08-07,0.054000000000000006,USD
VGSH,2017-09-01,2017-09-01,2017-09-08,0.055,USD
VGSH,2017-10-02,2017-10-02,2017-10-05,0.063,USD
VGSH,2017-11-01,2017-11-01,2017-11-06,0.06,USD
VGSH,2017-12-01,2017-12-01,2017-12-06,0.064,USD
VGSH,2017-12-26,2017-12-26,2017-12-29,0.076,USD
VGSH,2018-03-01,2018-03-01,2018-03-06,0.0659,USD
VGSH,2018-04-02,2018-04-02,2018-04-05,0.0782,USD
VGSH,2017-03-01,2017-03-01,2017-03-07,0.049,USD
VGSH,2018-05-01,2018-05-01,2018-05-04,0.0802,USD
VGSH,2018-07-02,2018-07-02,2018-07-06,0.0885,USD
VGSH,2018-08-01,2018-08-01,2018-08-06,0.0941,USD
VGSH,2018-09-04,2018-09-04,2018-09-07,0.1,USD
VGSH,2018-10-01,2018-10-01,2018-10-04,0.1022,USD
VGSH,2018-11-01,2018-11-01,2018-11-06,0.1061,USD
VGSH,2018-12-03,2018-12-03,2018-12-06,0.1037,USD
VGSH,2018-12-24,2018-12-24,2018-12-28,0.1114,USD
VGSH,2019-02-01,2019-02-01,2019-02-06,0.1246,USD
VGSH,2019-03-01,2019-03-01,2019-03-06,0.1105,USD
VGSH,2019-04-01,2019-04-01,2019-04-04,0.1256,USD
VGSH,2014-09-02,2014-09-02,2014-09-08,0.02,USD
VGSH,2018-06-01,2018-06-01,2018-06-06,0.0857,USD
VGSH,2017-02-01,2017-02-01,2017-02-07,0.032,USD
VGSH,2018-02-01,2018-02-01,2018-02-06,0.0627,USD
VGSH,2016-12-01,2016-12-01,2016-12-07,0.045,USD
VGSH,2014-11-03,2014-11-03,2014-11-07,0.024,USD
VGSH,2014-12-01,2014-12-01,2014-12-05,0.025,USD
VGSH,2016-12-22,2016-12-22,2016-12-29,0.055999999999999994,USD
VGSH,2015-02-02,2015-02-02,2015-02-06,0.025,USD
VGSH,2015-03-02,2015-03-02,2015-03-06,0.03,USD
VGSH,2015-04-01,2015-04-01,2015-04-08,0.03,USD
VGSH,2015-05-01,2015-05-01,2015-05-07,0.031,USD
VGSH,2015-06-01,2015-06-01,2015-06-05,0.033,USD
VGSH,2015-07-01,2015-07-01,2015-07-08,0.033,USD
VGSH,2015-08-03,2015-08-03,2015-08-07,0.033,USD
VGSH,2015-09-01,2015-09-01,2015-09-08,0.027000000000000003,USD
VGSH,2015-10-01,2015-10-01,2015-10-07,0.04,USD
VGSH,2015-11-02,2015-11-02,2015-11-06,0.035,USD
VGSH,2014-12-23,2014-12-23,2014-12-30,0.032,USD
VGSH,2015-12-23,2015-12-23,2015-12-24,0.055999999999999994,USD
VGSH,2015-12-01,2015-12-01,2015-12-07,0.033,USD
VGSH,2016-10-03,2016-10-03,2016-10-07,0.043,USD
VGSH,2016-08-01,2016-08-01,2016-08-05,0.042,USD
VGSH,2016-07-01,2016-07-01,2016-07-08,0.046,USD
VGSH,2016-06-01,2016-06-01,2016-06-07,0.013999999999999999,USD
VGSH,2016-09-01,2016-09-01,2016-09-08,0.045,USD
VGSH,2016-05-02,2016-05-02,2016-05-06,0.04,USD
VGSH,2016-04-01,2016-04-01,2016-04-07,0.038,USD
VGSH,2016-03-01,2016-03-01,2016-03-07,0.038,USD
VGSH,2016-02-01,2016-02-01,2016-02-05,0.026000000000000002,USD
VGSH,2016-11-01,2016-11-01,2016-11-07,0.04,USD
VOT,2008-03-12,2008-03-12,2008-03-27,0.005,USD
VOT,2012-12-24,2012-12-24,2012-12-31,0.465,USD
VOT,2008-12-24,2008-12-24,2008-12-31,0.222,USD
VOT,2009-03-23,2009-03-23,2009-03-27,0.008,USD
VOT,2009-12-24,2009-12-24,2009-12-31,0.282,USD
VOT,2010-12-27,2010-12-27,2010-12-31,0.322,USD
VOT,2011-03-23,2011-03-23,2011-03-29,0.005,USD
VOT,2007-12-20,2007-12-20,2007-12-27,0.14300000000000002,USD
VOT,2011-12-23,2011-12-23,2011-12-30,0.314,USD
VOT,2012-03-22,2012-03-22,2012-03-28,0.008,USD
VOT,2013-03-20,2013-03-20,2013-03-26,0.013000000000000001,USD
VOT,2015-12-23,2015-12-23,2015-12-24,0.355,USD
VOT,2014-03-25,2014-03-25,2014-03-31,0.011000000000000001,USD
VOT,2014-12-22,2014-12-22,2014-12-29,0.794,USD
VOT,2015-03-25,2015-03-25,2015-03-31,0.017,USD
VOT,2015-09-23,2015-09-23,2015-09-29,0.43799999999999994,USD
VOT,2016-03-15,2016-03-15,2016-03-21,0.163,USD
VOT,2016-06-14,2016-06-14,2016-06-20,0.151,USD
VOT,2016-09-20,2016-09-20,2016-09-26,0.22,USD
VOT,2016-12-22,2016-12-22,2016-12-29,0.327,USD
VOT,2017-03-24,2017-03-24,2017-03-30,0.193,USD
VOT,2017-09-20,2017-09-20,2017-09-25,0.289,USD
VOT,2017-06-21,2017-06-21,2017-06-27,0.192,USD
VOT,2007-03-22,2007-03-22,2007-03-28,0.01,USD
VOT,2013-12-24,2013-12-24,2013-12-31,0.541,USD
VOT,2006-12-22,2006-12-22,2006-12-23,0.21099899999999996,USD
VOT,2018-03-22,2018-03-22,2018-03-27,0.2174,USD
VOT,2017-12-21,2017-12-21,2017-12-27,0.2456,USD
VOT,2018-06-22,2018-06-22,2018-06-27,0.2357,USD
VOT,2018-09-28,2018-09-28,2018-10-03,0.2425,USD
VOT,2018-12-24,2018-12-24,2018-12-28,0.3089,USD
VOT,2019-03-28,2019-03-28,2019-04-02,0.2289,USD
XLI,2007-06-15,2007-06-27,2007-06-27,0.10119,USD
XLI,2005-09-16,2005-11-01,2005-10-31,0.11800999999999999,USD
XLI,2005-12-16,2005-12-16,2006-01-31,0.19016,USD
XLI,2006-06-16,2006-08-01,2006-07-31,0.08522,USD
XLI,2006-09-15,2006-09-27,2006-09-27,0.13777,USD
XLI,2006-12-15,2006-12-27,2006-12-27,0.28317,USD
XLI,2018-09-21,2018-09-21,2018-09-26,0.383834,USD
XLI,2017-12-15,2017-12-15,2017-12-26,0.401712,USD
XLI,2018-03-16,2018-03-16,2018-03-21,0.30727600000000005,USD
XLI,2005-06-17,2005-08-01,2005-07-29,0.07,USD
XLI,2017-09-15,2017-09-15,2017-09-25,0.31587800000000005,USD
XLI,2017-06-16,2017-06-16,2017-06-26,0.32359299999999996,USD
XLI,2017-03-17,2017-03-17,2017-03-27,0.296699,USD
XLI,2018-06-15,2018-06-15,2018-06-20,0.301643,USD
XLI,2005-03-18,2005-05-02,2005-04-29,0.10670999999999999,USD
XLI,2004-03-19,2004-05-03,2004-04-30,0.09092,USD
XLI,2004-06-18,2004-08-02,2004-07-30,0.0578,USD
XLI,2016-12-16,2016-12-16,2016-12-27,0.38422399999999995,USD
XLI,2003-12-19,2004-01-31,2004-01-31,0.1302,USD
XLI,2003-09-19,2003-11-03,2003-07-31,0.08728,USD
XLI,2003-06-20,2003-08-01,2003-04-30,0.04989,USD
XLI,2003-03-21,2003-05-01,2003-01-31,0.07632,USD
XLI,2002-12-20,2003-02-03,2003-01-31,0.11302000000000001,USD
XLI,2002-09-20,2002-11-01,2002-10-31,0.07711,USD
XLI,2001-06-15,2001-08-01,2001-07-31,0.06487000000000001,USD
XLI,2000-12-15,2001-02-01,2001-01-31,0.12797,USD
XLI,2000-09-15,2000-11-01,2000-10-31,0.085365,USD
XLI,2000-06-16,2000-08-01,2000-07-31,0.06076,USD
XLI,2000-03-17,2000-03-17,2000-04-28,0.057409,USD
XLI,2004-12-17,2005-02-01,2005-01-31,0.1563,USD
XLI,2016-09-16,2016-09-16,2016-09-26,0.311531,USD
XLI,2016-06-17,2016-06-17,2016-06-27,0.307176,USD
XLI,2016-03-18,2016-03-18,2016-03-29,0.282816,USD
XLI,2011-03-18,2011-03-31,2011-03-31,0.15714,USD
XLI,2010-12-17,2010-12-31,2010-12-31,0.17740999999999998,USD
XLI,2010-09-17,2010-09-29,2010-09-29,0.1551,USD
XLI,2010-06-18,2010-06-30,2010-06-30,0.14706,USD
XLI,2010-03-19,2010-03-31,2010-03-31,0.10638,USD
XLI,2009-12-18,2009-12-30,2009-12-30,0.18056,USD
XLI,2009-09-18,2009-09-30,2009-09-30,0.14389000000000002,USD
XLI,2009-06-19,2009-06-30,2009-06-30,0.14843,USD
XLI,2009-03-20,2009-03-31,2009-03-31,0.17255,USD
XLI,2008-12-19,2008-12-31,2008-12-31,0.21746999999999997,USD
XLI,2008-09-19,2008-10-01,2008-10-01,0.176387,USD
XLI,2008-06-20,2008-07-02,2008-07-02,0.17131,USD
XLI,2008-03-20,2008-04-02,2008-04-02,0.160483,USD
XLI,2007-12-21,2008-01-03,2008-01-03,0.18627,USD
XLI,2007-09-21,2007-10-03,2007-10-03,0.20415999999999998,USD
XLI,2011-06-17,2011-06-17,2011-06-30,0.17503,USD
XLI,2007-03-16,2007-03-28,2007-03-28,0.0755,USD
XLI,2011-09-16,2011-09-16,2011-09-30,0.17798,USD
XLI,2012-03-16,2012-03-16,2012-03-30,0.17682,USD
XLI,2015-12-18,2015-12-18,2015-12-29,0.318739,USD
XLI,2015-09-18,2015-09-18,2015-09-28,0.280921,USD
XLI,2015-06-19,2015-06-19,2015-06-29,0.27776,USD
XLI,2015-03-20,2015-03-20,2015-03-30,0.26071,USD
XLI,2014-12-19,2014-12-19,2014-12-30,0.31558,USD
XLI,2014-09-19,2014-09-19,2014-09-29,0.25732,USD
XLI,2014-06-20,2014-06-20,2014-06-30,0.24965,USD
XLI,2014-03-21,2014-03-21,2014-03-31,0.22449000000000002,USD
XLI,2013-12-20,2013-12-20,2013-12-31,0.25865,USD
XLI,2013-09-20,2013-09-20,2013-09-30,0.21896999999999997,USD
XLI,2013-06-21,2013-06-21,2013-06-28,0.21591999999999997,USD
XLI,2013-03-15,2013-03-15,2013-03-29,0.18182,USD
XLI,2012-12-21,2012-12-21,2012-12-31,0.28003,USD
XLI,2012-09-21,2012-09-21,2012-09-28,0.2396,USD
XLI,2012-06-15,2012-06-15,2012-06-29,0.16371,USD
XLI,2011-12-16,2011-12-16,2011-12-30,0.21752,USD
XLI,2006-03-17,2006-05-01,2006-04-28,0.12646,USD
XLI,2019-03-15,2019-03-15,2019-03-20,0.427727,USD
XLI,2018-12-21,2018-12-21,2018-12-27,0.392381,USD
XLU,2006-03-17,2006-04-28,2006-04-28,0.24239000000000002,USD
XLU,2006-06-16,2006-07-31,2006-07-31,0.26932,USD
XLU,2006-09-15,2006-09-27,2006-09-27,0.27234,USD
XLU,2006-12-15,2006-12-27,2006-12-27,0.33626999999999996,USD
XLU,2007-03-16,2007-03-28,2007-03-28,0.20845,USD
XLU,2007-06-15,2007-06-27,2007-06-27,0.2756,USD
XLU,2007-09-21,2007-10-03,2007-10-03,0.28447,USD
XLU,2007-12-21,2008-01-03,2008-01-03,0.32718,USD
XLU,2008-03-20,2008-04-02,2008-04-02,0.270987,USD
XLU,2008-06-20,2008-07-02,2008-07-02,0.30513,USD
XLU,2008-09-19,2008-10-01,2008-10-01,0.30033899999999997,USD
XLU,2008-12-19,2008-12-31,2008-12-31,0.35911,USD
XLU,2009-03-20,2009-04-01,2009-04-01,0.28172590000000003,USD
XLU,2009-06-19,2009-06-30,2009-06-30,0.3169,USD
XLU,2009-09-18,2009-09-30,2009-09-30,0.30537,USD
XLU,2005-12-16,2005-12-16,2006-01-31,0.28831,USD
XLU,2009-12-18,2009-12-30,2009-12-30,0.36909000000000003,USD
XLU,2019-03-15,2019-03-15,2019-03-20,0.43020699999999995,USD
XLU,2005-03-18,2005-04-29,2005-04-29,0.22165,USD
XLU,2000-06-16,2000-07-31,2000-07-31,0.221246,USD
XLU,2000-09-15,2000-10-31,2000-10-31,0.251415,USD
XLU,2000-12-15,2001-01-31,2001-01-31,0.23845999999999998,USD
XLU,2001-06-15,2001-07-31,2001-07-31,0.2191,USD
XLU,2001-09-21,2001-10-31,2001-10-31,0.23139,USD
XLU,2001-12-21,2002-01-31,2002-01-31,0.21475,USD
XLU,2002-09-20,2002-10-31,2002-10-31,0.023219,USD
XLU,2002-12-20,2003-01-31,2003-01-31,0.22735999999999998,USD
XLU,2003-03-21,2003-04-30,2003-04-30,0.19669,USD
XLU,2003-06-20,2003-07-31,2003-07-31,0.19330999999999998,USD
XLU,2003-09-19,2003-11-03,2003-10-31,0.19452,USD
XLU,2003-12-19,2004-01-30,2004-01-30,0.21175,USD
XLU,2004-03-19,2004-04-30,2004-04-30,0.19842,USD
XLU,2004-06-18,2004-07-30,2004-07-30,0.20506,USD
XLU,2004-12-17,2005-01-31,2005-01-31,0.26231,USD
XLU,2005-06-17,2005-07-29,2005-07-29,0.25,USD
XLU,2005-09-16,2005-10-31,2005-10-31,0.25096999999999997,USD
XLU,2010-03-19,2010-03-31,2010-03-31,0.26657,USD
XLU,2010-09-17,2010-09-29,2010-09-29,0.31711999999999996,USD
XLU,2015-09-18,2015-09-18,2015-09-28,0.400891,USD
XLU,2015-12-18,2015-12-18,2015-12-29,0.44526400000000005,USD
XLU,2016-03-18,2016-03-18,2016-03-29,0.367502,USD
XLU,2016-06-17,2016-06-17,2016-06-27,0.411624,USD
XLU,2016-09-16,2016-09-16,2016-09-26,0.41611899999999996,USD
XLU,2016-12-16,2016-12-16,2016-12-27,0.463135,USD
XLU,2015-06-19,2015-06-19,2015-06-29,0.39265,USD
XLU,2017-03-17,2017-03-17,2017-03-27,0.387191,USD
XLU,2017-09-15,2017-09-15,2017-09-25,0.417242,USD
XLU,2017-12-15,2017-12-15,2017-12-26,0.5112140000000001,USD
XLU,2018-03-16,2018-03-16,2018-03-21,0.38664699999999996,USD
XLU,2018-06-15,2018-06-15,2018-06-20,0.440479,USD
XLU,2018-09-21,2018-09-21,2018-09-26,0.474923,USD
XLU,2018-12-21,2018-12-21,2018-12-27,0.45901899999999995,USD
XLU,2017-06-16,2017-06-16,2017-06-26,0.436846,USD
XLU,2015-03-20,2015-03-20,2015-03-30,0.35091,USD
XLU,2014-12-19,2014-12-19,2014-12-30,0.41686000000000006,USD
XLU,2014-09-19,2014-09-19,2014-09-29,0.38043000000000005,USD
XLU,2010-12-17,2010-12-31,2010-12-31,0.37048000000000003,USD
XLU,2011-03-18,2011-03-31,2011-03-31,0.30251999999999996,USD
XLU,2011-06-17,2011-06-17,2011-06-30,0.33442,USD
XLU,2011-09-16,2011-09-16,2011-09-30,0.34325,USD
XLU,2011-12-16,2011-12-16,2011-12-30,0.38808000000000004,USD
XLU,2012-03-16,2012-03-16,2012-03-30,0.32192,USD
XLU,2012-06-15,2012-06-15,2012-06-29,0.34246,USD
XLU,2012-09-21,2012-09-21,2012-09-28,0.3812,USD
XLU,2012-12-21,2012-12-21,2012-12-31,0.40016999999999997,USD
XLU,2013-03-15,2013-03-15,2013-03-29,0.32898,USD
XLU,2013-06-21,2013-06-21,2013-06-28,0.37048000000000003,USD
XLU,2013-09-20,2013-09-20,2013-09-30,0.36541999999999997,USD
XLU,2013-12-20,2013-12-20,2013-12-31,0.40055999999999997,USD
XLU,2014-03-21,2014-03-21,2014-03-31,0.33495,USD
XLU,2014-06-20,2014-06-20,2014-06-30,0.37383,USD
XLU,2010-06-18,2010-06-30,2010-06-30,0.31661,USD
XLU,2000-03-17,2000-04-28,2000-04-28,0.196875,USD
